solID,perfQ,#changes,pas,reliability
3,-0.20911211717484862,12.620000000000001,1.0,-0.6639234006077714
114,-0.21198854209615903,5.8,2.0,-0.839266140045043
152,-0.26793550451614406,8.14,1.0,-0.656078940045043
160,-0.26481897360735107,5.99,2.0,-0.780850860045043
190,-0.15316513626279238,12.739999999999998,2.0,-0.8471106006077714
194,-0.19881935398775816,7.95,3.0,-0.8420368415909902
206,-0.15376927959732972,12.840000000000002,1.0,-0.7913749206077715
264,-0.15316513626279238,12.739999999999998,2.0,-0.8471106006077714
272,-0.20911225924497476,10.29,1.0,-0.6593626815909902
